;ADDRESS;CITY;REGION;Postamat_daily;cashbox_daily;Postamat_trend;cashbox_MAX;cashbox_trend;hh_500;value1;value2;POPULATION;NEAR_Malls;NEAR_Business_centers;NEAR_metro_rjd;NEAR_Stations;macro_salary_avg_yearly
0;г.Калуга, Литейная ул., 25/15;КАЛУГА;Калужская область;;3.3;;13;1;7696;10099;3382;324698;0;0;;остановка;423321
1;г.Калуга, Гагарина ул., 1;КАЛУГА;Калужская область;;;;;;6369;10068;3236;324698;1;1;;остановка;423321
2;г.Калуга, Кибальчича ул., 25;КАЛУГА;Калужская область;;3.1;;12;1;5553;10100;3436;324698;1;0;;;423321
3;г.Калуга, Пестеля ул., 60/49;КАЛУГА;Калужская область;3;2.2;0;12;1;7162;10099;3257;324698;0;0;;;423321
4;г.Калуга, Ленина ул., 81;КАЛУГА;Калужская область;1;2;0;9;1;6269;10096;3195;324698;1;0;;остановка;423321
5;г.Тула, Кутузова ул., 13;ТУЛА;Тульская область;;;;;;5023;10100;3484;482873;1;0;;остановка;387679
6;г.Калуга, Фридриха Энгельса ул., 78А п.1;КАЛУГА;Калужская область;;1.2;;6;1;7703;10088;3243;324698;0;0;;остановка;423321
7;г.Калуга, Московская ул., 104 стр.1;КАЛУГА;Калужская область;3;2.2;0;9;1;5632;10100;3403;324698;0;0;;;423321
8;г.Тула, Демонстрации ул., 1А;ТУЛА;Тульская область;3;4.8;1;10;1;4583;10095;3235;482873;1;1;;остановка;387679
9;г.Тула, Марата ул., 31 А;ТУЛА;Тульская область;2;;1;;;8732;10097;3197;482873;0;0;;остановка;387679
10;г.Калуга, Суворова ул., 77;КАЛУГА;Калужская область;;3.2;;19;1;6487;10094;3194;324698;0;0;;остановка;423321
11;г.Калуга, Ленина ул., 30;КАЛУГА;Калужская область;2;1.2;0;7;1;5156;10096;3228;324698;0;0;;;423321
12;г.Тула, Степанова ул., 89 А;ТУЛА;Тульская область;;;;;;6686;10094;3187;482873;1;0;;остановка;387679
13;г.Калуга, Победы пл, 10;КАЛУГА;Калужская область;;2.5;;14;1;9463;10014;3122;324698;0;0;;остановка;423321
14;г.Тула, Кауля ул., 20/109;ТУЛА;Тульская область;6;;0;;;4112;10100;3475;482873;1;0;;остановка;387679
15;г.Калуга, Братьев Луканиных ул., 1 62;КАЛУГА;Калужская область;5;2.2;1;11;1;5232;10097;3278;324698;0;0;;;423321
16;г.Тула, Пузакова ул., 1;ТУЛА;Тульская область;;;;;;7339;10085;3142;482873;0;0;;остановка;387679
17;г.Калуга, Мичурина ул., 11;КАЛУГА;Калужская область;;;;;;7552;10036;2945;324698;0;1;;;423321
18;г.Тула, Октябрьская ул., 81;ТУЛА;Тульская область;7;;1;;;7054;10091;3043;482873;1;0;;;387679
19;г.Калуга, Пушкина ул., 3 п.68;КАЛУГА;Калужская область;;;;;;3773;10094;3114;324698;0;1;;остановка;423321
20;г.Тула, Болдина ул., 98;ТУЛА;Тульская область;;;;;;5082;10042;3003;482873;1;1;;остановка;387679
21;г.Обнинск, Маркса пр-кт, 34;ОБНИНСК;Калужская область;;;;;;4982;10087;3159;104739;0;1;;остановка;423321
22;г.Обнинск, Энгельса ул., 17;ОБНИНСК;Калужская область;;;;;;7836;10054;3075;104739;0;0;;остановка;423321
23;г.Обнинск, Маркса пр-кт, 79;ОБНИНСК;Калужская область;;3.5;;13;1;7490;10096;3054;104739;0;0;;остановка;423321
24;г.Обнинск, Аксенова ул, 16;ОБНИНСК;Калужская область;;4.4;;14;1;6109;10048;2978;104739;1;1;;;423321
25;г.Тула, Макаренко ул., 9 Б;ТУЛА;Тульская область;;;;;;6469;10061;3010;482873;1;0;;;387679
26;г.Калуга, Секиотовское кольцо ул, 5;КАЛУГА;Калужская область;;0.4;;3;1;237;10100;3205;324698;1;0;;;423321
27;г.Калуга, Советская ул., 118Б;КАЛУГА;Калужская область;;1.3;;7;0;1734;10098;3194;324698;1;0;;остановка;423321
28;г.Калуга, Максима Горького ул., 41;КАЛУГА;Калужская область;;1.6;;10;1;8197;9992;2831;324698;0;0;;;423321
29;г.Калуга, Калужского Ополчения ул., 2;КАЛУГА;Калужская область;4;1.8;0;7;1;1834;10100;3204;324698;0;0;;;423321
30;г.Калуга, Социалистическая ул., 11;КАЛУГА;Калужская область;4;2.1;0;9;1;4219;10071;3067;324698;1;0;;;423321
31;г.Тула, Революции ул., 22;ТУЛА;Тульская область;3;;1;;;7395;10048;3015;482873;0;0;;;387679
32;г.Новомосковск, Калинина ул., 14;НОВОМОСКОВСК;Тульская область;;1.8;;7;1;4608;10059;3055;131386;1;1;;остановка;387679
33;г.Тула, Калужское ш., 2;ТУЛА;Тульская область;;;;;;3971;10094;3096;482873;1;0;;;387679
34;г.Калуга, Дзержинского ул., 38;КАЛУГА;Калужская область;;;;;;3148;10053;3083;324698;1;0;;;423321
35;г.Обнинск, Курчатова ул., 26 А;ОБНИНСК;Калужская область;;1.3;;9;1;2929;10098;3243;104739;0;0;;;423321
36;г.Щекино, Мира ул., 16;ЩЁКИНО;Тульская область;2;;0;;;5212;10096;3185;58139;0;0;;;387679
37;г.Калуга, Генерала Попова ул., 2/1 стр.4;КАЛУГА;Калужская область;6;3.2;0;11;1;2944;10095;3180;324698;0;0;;;423321
38;г.Тула, Ленина пр-кт, 129 п.1;ТУЛА;Тульская область;5;;0;;;5730;10062;3106;482873;0;0;;остановка;387679
39;г.Калуга, Хрустальная ул, 18;КАЛУГА;Калужская область;3;2.4;1;13;1;3093;10090;3075;324698;0;0;;остановка;423321
40;г.Тула, М.Горького ул., 14;ТУЛА;Тульская область;2;;0;;;6043;10070;2987;482873;0;0;;;387679
41;г.Тула, Пушкинская ул., 57Б;ТУЛА;Тульская область;2;;1;;;8114;9977;2786;482873;0;1;;;387679
42;п.Воротынск, Центральная ул., 3;ВОРОТЫНСК;Калужская область;;;;;;2022;10094;3139;11288;0;0;1;;423321
43;г.Тула, Октябрьская ул, 48 Б;ТУЛА;Тульская область;;;;;;5223;9987;2939;482873;1;0;;остановка;387679
44;г.Щекино, Лукашина ул., 8;ЩЁКИНО;Тульская область;2;;0;;;4632;10097;3202;58139;0;0;;;387679
45;г.Калуга, Фомушина ул., 11;КАЛУГА;Калужская область;;3.8;;13;1;3432;10093;3062;324698;0;0;;остановка;423321
46;г.Тула, Ленина пр-кт, 35 п.1;ТУЛА;Тульская область;2;4.1;0;15;;2166;9994;3042;482873;1;1;;остановка;387679
47;г.Калуга, Маяковского ул, 47А;КАЛУГА;Калужская область;;1.2;;8;1;5217;10040;2983;324698;0;0;;остановка;423321
48;г.Калуга, Гурьянова ул., 7;КАЛУГА;Калужская область;;;;;;1748;10063;2968;324698;0;0;1;остановка;423321
49;г.Ефремов, Тульское шоссе, 18 п.1-25;ЕФРЕМОВ;Тульская область;;0.9;;5;1;4221;10094;3248;42350;0;0;;;387679
50;г.Ефремов, Ленина ул., 29;ЕФРЕМОВ;Тульская область;;1.4;;8;1;5138;10089;3253;42350;0;0;;;387679
51;г.Обнинск, Ленина пр-т, 208;ОБНИНСК;Калужская область;;1.1;;7;1;3764;10098;3135;104739;0;0;;остановка;423321
52;г.Обнинск, Маркса пр-т, 65В;ОБНИНСК;Калужская область;;2.5;;11;1;6143;10056;2915;104739;0;0;;;423321
53;г.Щекино, Юбилейная ул., 19;ЩЁКИНО;Тульская область;2;;0;;;5903;10073;3092;58139;1;0;;;387679
54;г.Тула, Николая Руднева ул, 12;ТУЛА;Тульская область;3;;1;;;3552;10092;3131;482873;0;0;;остановка;387679
55;г.Калуга, Братьев Луканиных ул, 23;КАЛУГА;Калужская область;2;1.3;1;6;1;3105;10076;3071;324698;0;0;;;423321
56;г.Тула, Михеева ул., 11;ТУЛА;Тульская область;2;;1;;;5137;10068;2996;482873;0;0;;;387679
57;г.Балабаново, 50 лет Октября ул, 7;БАЛАБАНОВО;Калужская область;;1.2;;8;1;2701;10099;3410;26337;0;0;;;423321
58;г.Калуга, Баррикад ул, 157;КАЛУГА;Калужская область;2;1.1;1;5;1;5619;10059;2939;324698;0;0;;;423321
59;г.Обнинск, Курчатова ул., 6;ОБНИНСК;Калужская область;2;3.3;1;13;1;4412;10073;3064;104739;1;0;;остановка;423321
60;г.Калуга, Тульская ул., 20;КАЛУГА;Калужская область;;2.1;;8;1;6326;9966;2821;324698;0;0;;;423321
61;г.Калуга, Фридриха Энгельса ул, 89 п.2;КАЛУГА;Калужская область;;1;;9;1;8088;9933;2662;324698;0;0;;остановка;423321
62;г.Обнинск, Маркса пр-кт, 30 Б;ОБНИНСК;Калужская область;;2;;6;1;3390;10052;2976;104739;0;1;;;423321
63;г.Тула, Советская ул, 72;ТУЛА;Тульская область;;;;;;1072;10036;3090;482873;1;0;;остановка;387679
64;г.Тула, Болдина ул;ТУЛА;Тульская область;;;;;;4456;10039;2974;482873;1;0;;остановка;387679
65;г.Калуга, Маршала Жукова ул, 20 п.1;КАЛУГА;Калужская область;;0.7;;5;1;6784;9974;2847;324698;0;0;;остановка;423321
66;г.Балабаново, Лесная ул., 6;БАЛАБАНОВО;Калужская область;;2;;8;1;3860;10096;3197;26337;0;0;;;423321
67;г.Калуга, Платова ул, 19;КАЛУГА;Калужская область;;2.5;;10;1;6693;10007;2766;324698;0;0;;;423321
68;г.Калуга, Николо-Козинская ул, 58;КАЛУГА;Калужская область;;2.1;;10;0;6200;9929;2623;324698;0;1;;;423321
69;г.Калуга, Московская ул., 336А;КАЛУГА;Калужская область;3;;0;;;4573;10066;2983;324698;0;0;;остановка;423321
70;г.Тула, Арсенальная ул, 5;ТУЛА;Тульская область;3;;1;;;5423;10050;2931;482873;0;0;;;387679
71;г.Калуга, Маяковского ул., 66;КАЛУГА;Калужская область;4;1.7;1;8;1;4357;10045;2928;324698;0;0;;остановка;423321
72;г.Тула, Ложевая ул., 126;ТУЛА;Тульская область;3;;1;;;9775;9959;2759;482873;0;0;;остановка;387679
73;г.Обнинск, Гагарина ул., 45;ОБНИНСК;Калужская область;2;;0;;;5602;10052;2897;104739;1;0;;;423321
74;г.Калуга, Спартака ул, 5 п.2;КАЛУГА;Калужская область;;1.6;;8;1;4901;10023;2892;324698;0;0;;остановка;423321
75;г.Тула, Металлургов ул, 43;ТУЛА;Тульская область;;;;;;6036;9973;2829;482873;0;0;;;387679
76;г.Тула, Металлургов 2-й пр-д, 3А;ТУЛА;Тульская область;;;;;;6122;9984;2767;482873;0;0;;;387679
77;г.Обнинск, Ленина пр-кт, 146;ОБНИНСК;Калужская область;;1.1;;5;1;5640;10053;2850;104739;0;0;;;423321
78;г.Калуга, Тарутинская ул., 184 Б;КАЛУГА;Калужская область;;0.3;;2;1;2573;10053;2987;324698;0;0;;остановка;423321
79;г.Калуга, Дорожная ул., 6;КАЛУГА;Калужская область;;1.8;;7;1;3086;10060;2945;324698;0;0;;;423321
80;г.Калуга, Ленина ул., 70;КАЛУГА;Калужская область;;1.9;;10;0;6045;9973;2782;324698;0;0;;;423321
81;г.Обнинск, Гагарина ул., 30;ОБНИНСК;Калужская область;;2.2;;11;1;5225;10023;2881;104739;0;0;;;423321
82;п.Заокский, Поленова ул.;ЗАОКСКИЙ;Тульская область;;;;;;354;10100;3238;7117;0;0;;;387679
83;рп.Плеханово, Заводская ул., 14А;ПЛЕХАНОВО;Тульская область;;;;;;2071;10099;3187;9171;0;0;;остановка;387679
84;г.Тула, Хворостухина ул., 3;ТУЛА;Тульская область;4;;1;;;6226;9984;2701;482873;0;0;;;387679
85;г.Тула, Гоголевская ул., 69;ТУЛА;Тульская область;2;;0;;;6274;9971;2780;482873;0;0;;;387679
86;г.Новомосковск, Октябрьская ул., 11/14;НОВОМОСКОВСК;Тульская область;;0.6;;6;1;4235;10037;2957;131386;0;0;;;387679
87;г.Алексин, Тульская ул., 131 А;АЛЕКСИН;Тульская область;2;;0;;;3365;10088;3069;61732;0;0;;;387679
88;г.Щекино, Ленина ул., 53;ЩЁКИНО;Тульская область;;;;;;3938;10087;3091;58139;0;0;;;387679
89;г.Узловая, Гагарина ул, стр.87;УЗЛОВАЯ;Тульская область;;;;;;4310;10031;2965;55282;1;0;;;387679
90;г.Донской, Октябрьская ул., 78/15;ДОНСКОЙ;Тульская область;;;;;;3611;10081;3110;64552;0;0;;;387679
91;г.Калуга, Гурьянова ул., 69;КАЛУГА;Калужская область;;2.5;;12;1;2957;10074;2962;324698;0;0;;;423321
92;г.Тула, Кутузова ул, 102;ТУЛА;Тульская область;;;;;;4928;10001;2827;482873;0;0;;;387679
93;г.Тула, Гоголевская ул, 73 п.9;ТУЛА;Тульская область;2;;0;;;6772;9943;2695;482873;0;0;;;387679
94;г.Тула, Демидовская ул., 68;ТУЛА;Тульская область;;;;;;6227;9933;2682;482873;1;0;;;387679
95;г.Калуга, Постовалова ул, 12;КАЛУГА;Калужская область;;2.3;;9;1;3749;10018;2870;324698;0;0;;остановка;423321
96;г.Обнинск, Курчатова ул, 56;ОБНИНСК;Калужская область;;;;;;5063;9982;2728;104739;0;0;;остановка;423321
97;г.Калуга, Тарутинская ул., 105Г;КАЛУГА;Калужская область;2;1.3;0;8;1;2413;10053;2883;324698;1;0;;;423321
98;г.Венев, Бундурина ул., 7;ВЕНЁВ;Тульская область;;;;;;1045;10099;3102;15224;1;0;;;387679
99;г.Тула, Путейская ул., 3;ТУЛА;Тульская область;3;;0;;;2042;9931;2693;482873;1;0;1;остановка;387679
100;г.Обнинск, Кутузова ул, 9;ОБНИНСК;Калужская область;2;1.9;0;12;1;3170;10062;2901;104739;0;0;;;423321
101;г.Новомосковск, Дружбы-Мира, 1/24;НОВОМОСКОВСК;Тульская область;;1.1;;7;1;3682;10016;2940;131386;0;0;;остановка;387679
102;г.Алексин, 50 лет Октября ул., 5;АЛЕКСИН;Тульская область;;1.3;;8;1;3996;10058;3028;61732;0;0;;;387679
103;г.Алексин, Арматурная ул., 10/16;АЛЕКСИН;Тульская область;;1.1;;9;1;3579;10074;3009;61732;0;0;;;387679
104;г.Тула, Большая ул, 8А;ТУЛА;Тульская область;;;;;;1335;10069;2918;482873;0;0;;;387679
105;г.Тула, Городской пер., 54;ТУЛА;Тульская область;;;;;;2191;10051;2908;482873;0;0;;;387679
106;г.Калуга, Энтузиастов б-р, 2 Б;КАЛУГА;Калужская область;;1.1;;4;1;2322;10053;2896;324698;0;0;;;423321
107;г.Калуга, Азаровская ул, 24;КАЛУГА;Калужская область;;1.3;;7;1;1526;10003;2859;324698;0;0;;остановка;423321
108;г.Богородицк, Урицкого ул., 25;БОГОРОДИЦК;Тульская область;;1.1;;7;1;3534;10090;3051;31897;0;0;;;387679
109;г.Калуга, Московская ул., 231;КАЛУГА;Калужская область;;0.5;;3;0;2415;10019;2828;324698;0;0;;;423321
110;г.Калуга, Грабцевское ш., 85;КАЛУГА;Калужская область;2;1.2;0;6;1;1493;10026;2809;324698;0;0;;;423321
111;г.Тула, Калужское ш., 1;ТУЛА;Тульская область;;;;;;4286;9969;2764;482873;1;0;;;387679
112;г.Тула, Пушкина ул., 9;ТУЛА;Тульская область;;;;;;3462;10005;2820;482873;0;0;;;387679
113;г.Узловая, Пушкина ул., 12;УЗЛОВАЯ;Тульская область;2;;0;;;3991;10071;3041;55282;0;0;;;387679
114;г.Донской, Центральный мкр, Заводская ул., 9 А;ДОНСКОЙ;Тульская область;;0.2;;3;;2523;10040;3028;64552;1;0;;остановка;387679
115;г.Донской, Новая ул., 64;ДОНСКОЙ;Тульская область;;;;;;2089;9992;2842;64552;0;0;1;;387679
116;г.Калуга, Анненки ул., 18 пом.4;КАЛУГА;Калужская область;2;1.4;0;8;1;2164;10033;2851;324698;0;0;;остановка;423321
117;г.Тула, Федора Смирнова ул., 5 к.2;ТУЛА;Тульская область;2;;1;;;3900;10009;2844;482873;0;0;;остановка;387679
118;г.Тула, Кауля ул, 62А;ТУЛА;Тульская область;1;;0;;;3648;10027;2842;482873;0;0;;;387679
119;г.Тула, Седова ул., 26;ТУЛА;Тульская область;2;;0;;;3338;10043;2842;482873;0;0;;остановка;387679
120;г.Калуга, Советская ул, 5А;КАЛУГА;Калужская область;2;1.3;1;9;1;887;9987;2809;324698;1;0;;остановка;423321
121;г.Тула, Вильямса ул, 6;ТУЛА;Тульская область;4;;0;;;4081;9987;2799;482873;0;0;;остановка;387679
122;г.Калуга, Пролетарская ул., 21;КАЛУГА;Калужская область;1;1.3;1;5;1;4937;9955;2703;324698;0;0;;;423321
123;г.Калуга, Ленина ул, 8;КАЛУГА;Калужская область;1;1.1;0;4;;2127;9936;2680;324698;0;0;1;остановка;423321
124;г.Калуга, Болотникова ул, 21;КАЛУГА;Калужская область;;1.2;;4;1;3595;9970;2763;324698;0;0;;;423321
125;г.Обнинск, Маркса пр-кт, 114;ОБНИНСК;Калужская область;;2.3;;12;1;3870;9970;2794;104739;1;0;;остановка;423321
126;г.Новомосковск, Школьная ул, 21А;НОВОМОСКОВСК;Тульская область;;1.1;;6;1;3295;10016;2871;131386;0;0;;;387679
127;г.Узловая, Беклемищева ул., 34;УЗЛОВАЯ;Тульская область;;;;;;3343;10036;2929;55282;0;0;;;387679
128;г.Щекино, Энергетиков ул., 13;ЩЁКИНО;Тульская область;;;;;;3076;10031;2843;58139;1;0;;;387679
129;г.Калуга, д.Шопино;КАЛУГА;Калужская область;;;;;;680;10020;2859;324698;0;0;;;423321
130;г.Тула, Перекопская ул, 9;ТУЛА;Тульская область;2;;0;;;2831;10017;2824;482873;0;0;;;387679
131;г.Калуга, Дорожная ул, 34;КАЛУГА;Калужская область;;0.8;;6;0;1794;9991;2774;324698;0;0;;остановка;423321
132;г.Калуга, Гурьянова ул, 28 А;КАЛУГА;Калужская область;;0.6;;4;0;2654;9999;2766;324698;0;0;;;423321
133;г.Людиново, Маяковского ул., 3;ЛЮДИНОВО;Калужская область;;2.6;;12;1;3620;10024;2969;40530;0;0;;;423321
134;г.Калуга, Тарутинская ул, 225;КАЛУГА;Калужская область;;2.4;;13;1;2946;9996;2736;324698;0;0;;остановка;423321
135;г.Калуга, Московская ул, 251;КАЛУГА;Калужская область;;1;;9;1;492;10005;2963;324698;0;0;;остановка;423321
136;г.Тула, Одоевское ш, 17А;ТУЛА;Тульская область;;;;;;2487;9990;2811;482873;0;0;;остановка;387679
137;г.Тула, Скуратовский мкр, 7;ТУЛА;Тульская область;;;;;;1909;10035;2804;482873;0;0;;;387679
138;г.Новомосковск, Бережного ул, 3;НОВОМОСКОВСК;Тульская область;;0.5;;4;0;2369;9932;2743;131386;0;0;1;;387679
139;г.Новомосковск, мкр.Сокольники, Шахтерская ул, 4;Новомосковск;Тульская область;;0.8;;4;0;2330;10092;3032;500;0;0;;остановка;387679
140;г.Новомосковск, Рудничная ул., 17В;НОВОМОСКОВСК;Тульская область;1;;0;;;2639;10029;2912;131386;0;0;;остановка;387679
141;г.Обнинск, Пирогова ул, 18А;ОБНИНСК;Калужская область;;1.1;;6;1;1972;10058;2873;104739;0;0;;;423321
142;г.Щекино, Пионерская ул, 22;ЩЁКИНО;Тульская область;;;;;;2239;10069;2993;58139;0;0;;;387679
143;г.Алексин, Ленина ул., 26;АЛЕКСИН;Тульская область;;0.9;;6;1;2669;10073;3011;61732;0;0;;;387679
144;г.Щекино, Лукашина ул., 6;ЩЁКИНО;Тульская область;;;;;;4226;9979;2865;58139;1;0;;;387679
145;г.Алексин, Героев Алексинцев ул., 5;АЛЕКСИН;Тульская область;;;;;;3394;9997;2900;61732;0;0;;;387679
146;г.Киреевск, Чехова ул., 10;КИРЕЕВСК;Тульская область;;;;;;5468;10027;2877;25557;0;0;;;387679
147;г.Калуга, Валентины Никитиной ул., 21 Б;КАЛУГА;Калужская область;2;1;0;6;1;2544;9989;2797;324698;0;0;;;423321
148;г.Киров, Фурманова ул., 7;КИРОВ;Калужская область;1;1.8;0;11;1;1950;10087;3035;31882;0;0;;;423321
149;г.Тула, Максима Горького ул, 10 Д;ТУЛА;Тульская область;4;;0;;;5457;9938;2643;482873;0;0;;;387679
150;г.Балабаново, Боровская ул., 56;БАЛАБАНОВО;Калужская область;;;;;;1424;10099;2970;26337;0;0;;;423321
151;г.Белоусово, Московская ул., 82;БЕЛОУСОВО;Калужская область;;;;;;1379;10097;2962;8412;0;0;;;423321
152;г.Обнинск, Ленина пр-кт, 207,п.133 п.134,136;ОБНИНСК;Калужская область;2;2.2;1;11;1;2455;10051;2833;104739;0;0;;;423321
153;г.Новомосковск, Донской пр-д, 3;НОВОМОСКОВСК;Тульская область;;0.8;;5;1;4086;9929;2654;131386;1;0;;остановка;387679
154;г.Новомосковск, Мира ул, 22А;НОВОМОСКОВСК;Тульская область;;0.8;;4;1;3478;9972;2783;131386;1;0;;остановка;387679
155;г.Алексин, 50 лет Октября ул, 8 кв.1-9,11-;АЛЕКСИН;Тульская область;;;;;;5046;9935;2760;61732;0;0;;;387679
156;г.Калуга, Хрустальная ул, 60А пом.1;КАЛУГА;Калужская область;;0.8;;5;1;2748;9959;2777;324698;0;0;;остановка;423321
157;г.Кременки, Победы ул., 2;КРЕМЁНКИ;Калужская область;;1.3;;7;1;3038;10060;2892;11582;0;0;;;423321
158;г.Людиново, 20 лет Октября ул., 69А стр.1;ЛЮДИНОВО;Калужская область;;;;;;3546;10014;2846;40530;0;0;;;423321
159;г.Калуга, Грабцевское ш., 18;КАЛУГА;Калужская область;1;0.4;0;2;;1692;9933;2692;324698;0;0;;остановка;423321
160;г.Калуга, Сиреневый б-р, 14 п.магазин;КАЛУГА;Калужская область;;2.4;;9;1;3848;9959;2669;324698;0;0;;;423321
161;г.Калуга, Энтузиастов б-р, 1;КАЛУГА;Калужская область;;0.8;;5;1;3105;9939;2650;324698;0;0;;;423321
162;г.Тула, Московская ул, 34;ТУЛА;Тульская область;;;;;;3514;9917;2479;482873;0;1;;остановка;387679
163;г.Новомосковск, Мира ул, 10А;НОВОМОСКОВСК;Тульская область;;0.8;;6;1;2150;9928;2622;131386;0;0;1;;387679
164;г.Новомосковск, Вахрушева ул, 63А;НОВОМОСКОВСК;Тульская область;;;;;;2360;9945;2635;131386;0;0;1;;387679
165;г.Обнинск, Привокзальная ул., 1;ОБНИНСК;Калужская область;;;;;;2494;9973;2796;104739;1;0;;остановка;423321
166;г.Щекино, Льва Толстого ул., 25;ЩЁКИНО;Тульская область;;;;;;2167;10039;2957;58139;0;0;;;387679
167;рп.Первомайск, Улитина пр-кт, 11;ПЕРВОМАЙСКИЙ;Тульская область;;;;;;1731;10064;3015;10058;0;0;;;387679
168;г.Тула, Генерала Маргелова ул., 9 стр.1;ТУЛА;Тульская область;3;;0;;;2115;10005;2781;482873;0;0;;;387679
169;г.Суворов, Кирова ул, 5;СУВОРОВ;Тульская область;;;;;;3170;10022;2920;18973;0;0;;;387679
170;г.Плавск, Коммунаров ул., 72 А;ПЛАВСК;Тульская область;;;;;;1747;10080;3013;16165;0;0;;;387679
171;г.Венев, Южный мкр, 45;ВЕНЁВ;Тульская область;;;;;;1672;10085;3008;15224;0;0;;;387679
172;г.Белев, Рабочая ул., 98А;БЕЛЁВ;Тульская область;;;;;;1907;10093;2971;13918;0;0;;;387679
173;г.Белоусово, Гурьянова ул, 20/1;БЕЛОУСОВО;Калужская область;;0.8;;6;1;2648;10063;2964;8412;0;0;;;423321
174;г.Малоярославец, Российских Газовиков ул, 9;МАЛОЯРОСЛАВЕЦ;Калужская область;;1.7;;6;1;1191;10074;2932;30392;0;0;;;423321
175;с.Детчино, Московская ул, 2В;ДЕТЧИНО;Калужская область;;;;;;794;10098;2928;5010;0;0;;;423321
176;г.Новомосковск, Бережного ул., 12Б;НОВОМОСКОВСК;Тульская область;3;;1;;;3834;9964;2836;131386;0;0;;;387679
177;г.Балабаново, Московская ул., 21В;БАЛАБАНОВО;Калужская область;;;;;;833;10097;2920;26337;0;0;;;423321
178;с.Льва Толстого, Пушкина ул, 38;ЛЬВА ТОЛСТОГО;Калужская область;;;;;;1078;10064;2902;3681;0;0;;;423321
179;г.Малоярославец, Московская ул., 66;МАЛОЯРОСЛАВЕЦ;Калужская область;;1.2;;5;1;1534;10092;2867;30392;0;0;;;423321
180;п.Жилетово, б/у, 6А пом.7;ЖИЛЕТОВО;Калужская область;;;;;;1341;9965;2719;3090;0;0;1;;423321
181;г.Новомосковск, Демкина ул., 7А;НОВОМОСКОВСК;Тульская область;2;;0;;;3852;9951;2712;131386;0;0;;;387679
182;г.Новомосковск, Маяковского ул, 18;НОВОМОСКОВСК;Тульская область;;0.7;;4;1;3134;9977;2743;131386;0;0;;;387679
183;г.Новомосковск, Трудовой проезд, 2Б;НОВОМОСКОВСК;Тульская область;;0.3;;2;1;5279;9914;2464;131386;0;0;;остановка;387679
184;г.Обнинск, Гагарина ул, 52 п374,п375;ОБНИНСК;Калужская область;;1.5;;5;1;3190;9958;2651;104739;0;0;;;423321
185;г.Новомосковск, Комсомольская/Октябрьская ул, 34/25;НОВОМОСКОВСК;Тульская область;;2.1;;16;1;3656;9936;2725;131386;0;0;;;387679
186;г.Новомосковск, Трудовой проезд, 9Г;НОВОМОСКОВСК;Тульская область;;0.2;;1;;3789;9970;2746;131386;0;0;;;387679
187;г.Узловая, Трегубова ул., 33;УЗЛОВАЯ;Тульская область;;;;;;3124;9981;2821;55282;0;0;;;387679
188;г.Суворов, Тульская ул., 13;СУВОРОВ;Тульская область;;1.1;;6;1;3684;10034;2875;18973;0;0;;;387679
189;г.Богородицк, Пушкинская ул., 14;БОГОРОДИЦК;Тульская область;;0.7;;5;1;3250;9995;2873;31897;0;0;;;387679
190;г.Киреевск, Гагарина ул., 10;КИРЕЕВСК;Тульская область;;1.5;;7;1;4692;10002;2786;25557;0;0;;;387679
191;г.Суворов, Ленинского Юбилея ул, 2Б;СУВОРОВ;Тульская область;;0.5;;4;0;3032;10010;2868;18973;0;0;;;387679
192;г.Тула, Оборонная ул, 25;ТУЛА;Тульская область;1;;0;;;1042;9945;2763;482873;0;0;;остановка;387679
193;г.Калуга, Зерновая ул., 15 Г;КАЛУГА;Калужская область;1;0.3;0;2;1;859;9964;2760;324698;0;0;;остановка;423321
194;г.Калуга, Ромодановские Дворики ул, 59;КАЛУГА;Калужская область;;0.3;;3;1;420;10019;2753;324698;0;0;;остановка;423321
195;г.Тула, Серебровская ул., 16 В;ТУЛА;Тульская область;;;;;;1464;9981;2742;482873;0;0;;;387679
196;г.Калуга, 40-летия Октября ул, 3;КАЛУГА;Калужская область;;;;;;768;9960;2694;324698;0;0;;остановка;423321
197;г.Калуга, В.Никитиной ул, 37А;КАЛУГА;Калужская область;;0.4;;2;0;1885;9927;2602;324698;0;0;;остановка;423321
198;г.Калуга, Салтыкова-Щедрина ул, 74;КАЛУГА;Калужская область;;;;;;2185;9924;2569;324698;0;0;;остановка;423321
199;г.Тула, Стадионный пр-д, 1;ТУЛА;Тульская область;;;;;;845;10004;2750;482873;0;0;;;387679
200;г.Тула, Бондаренко ул, 35А;ТУЛА;Тульская область;;;;;;3166;9929;2560;482873;0;0;;;387679
201;г.Тула, Ленина пр-кт, 138 п295,п296;ТУЛА;Тульская область;;;;;;4008;9916;2473;482873;0;0;;;387679
202;г.Тула, Немцова ул, 12;ТУЛА;Тульская область;;;;;;4642;9917;2458;482873;0;0;;;387679
203;г.Щекино, Ленина ул., 20;ЩЁКИНО;Тульская область;;;;;;2368;9998;2898;58139;0;0;;;387679
204;г.Обнинск, Киевское ш, 30;ОБНИНСК;Калужская область;;;;;;281;10015;2836;104739;0;0;;остановка;423321
205;г.Узловая, Горького ул., 11А;УЗЛОВАЯ;Тульская область;2;;0;;;3109;9944;2740;55282;1;0;;остановка;387679
206;г.Узловая, Суворова ул., 6;УЗЛОВАЯ;Тульская область;;;;;;2548;10044;2899;55282;0;0;;остановка;387679
207;г.Донской, Центральный мкр, Октябрьская ул, 115;ДОНСКОЙ;Тульская область;;;;;;1370;10063;2841;64552;0;0;;остановка;387679
208;г.Богородицк, Заводской проезд, 6 А;БОГОРОДИЦК;Тульская область;;0.3;;2;1;1953;10079;2964;31897;0;0;;;387679
209;г.Донской, Ленина ул., 1 В;Новоугольный;Тульская область;;0.2;;2;;2033;10039;2979;500;0;0;;;387679
210;г.Болохово, Соловцова ул., 13 В;БОЛОХОВО;Тульская область;;0.6;;5;0;2760;10076;2908;9622;0;0;;;387679
211;п.Грицовский, Первомайская ул., 21;ГРИЦОВСКИЙ;Тульская область;;;;;;2948;10032;2959;6192;0;0;;;387679
212;г.Жуков, Гурьянова ул., 7;ЖУКОВ;Калужская область;;;;;;420;10095;2967;12131;0;0;;;423321
213;г.Сухиничи, Пушкина ул., стр.2;СУХИНИЧИ;Калужская область;;;;;;570;10088;2963;16273;0;0;;;423321
214;п.Шатск, Садовая ул, 12/1;Шатск;Тульская область;;;;;;1144;10068;2948;2702;0;0;;остановка;387679
215;г.Жиздра, Сосунова ул., 1;ЖИЗДРА;Калужская область;;;;;;216;10094;2936;5585;0;0;;;423321
216;г.Ермолино, Солнечная ул, 1А;ЕРМОЛИНО;Калужская область;;;;;;569;10087;2921;10409;0;0;;;423321
217;г.Ефремов, Ленина ул., 40;ЕФРЕМОВ;Тульская область;;;;;;2075;10040;2909;42350;0;0;;;387679
218;п.Товарково, Туркестанская ул., 2;ТОВАРКОВО;Калужская область;;;;;;2796;10040;2897;14496;0;0;;;423321
219;г.Таруса, Миронова ул., 9;ТАРУСА;Калужская область;;;;;;2420;10065;2888;9660;0;0;;;423321
220;г.Сухиничи, Ленина ул., 106 В;СУХИНИЧИ;Калужская область;;;;;;1059;10054;2877;16273;0;0;;;423321
221;г.Обнинск, Курчатова ул, 36;ОБНИНСК;Калужская область;2;1.4;1;7;1;3316;9959;2690;104739;0;0;;остановка;423321
222;г.Козельск, Гвардейская ул, 43А;КОЗЕЛЬСК;Калужская область;;;;;;1416;10036;2870;18245;0;0;;;423321
223;г.Сосенский, Первомайская ул., 38;СОСЕНСКИЙ;Калужская область;;;;;;1425;10043;2861;12392;0;0;;;423321
224;г.Людиново, Ленина ул., 5 пом.44,45;ЛЮДИНОВО;Калужская область;;;;;;2140;9995;2855;40530;0;0;;;423321
225;п.Шайковка, в/ч 40444;Шайковка;Калужская область;;;;;;2088;10048;2848;4466;0;0;;;423321
226;п.Товарково, Ленина ул., 30А пом.1Ф;ТОВАРКОВО;Калужская область;;;;;;1331;10033;2837;14496;0;0;;автостанция;423321
227;г.Кремёнки, Школьная ул., 7;КРЕМЁНКИ;Калужская область;;1;;7;1;2707;10032;2832;11582;0;0;;;423321
228;г.Малоярославец, Московская ул., 16;МАЛОЯРОСЛАВЕЦ;Калужская область;;;;;;2519;10005;2814;30392;0;0;;;423321
229;п.Воротынск, Придорожная ул., 13;ВОРОТЫНСК;Калужская область;;;;;;1146;10048;2804;11288;0;0;;;423321
230;г.Тула, Максимовского ул, 15 п.2;ТУЛА;Тульская область;;;;;;3949;9921;2495;482873;0;0;;;387679
231;г.Новомосковск, Донская ул., 9;НОВОМОСКОВСК;Тульская область;;0.3;;2;;3018;9932;2607;131386;0;0;;;387679
232;г.Новомосковск, Победы пр-кт, 15;НОВОМОСКОВСК;Тульская область;;1.1;;11;1;3845;9942;2651;131386;0;0;;остановка;387679
233;г.Сосенский, Победы мкр, 34 кв.1;СОСЕНСКИЙ;Калужская область;;1;;8;1;3302;9954;2773;12392;0;0;;;423321
234;г.Людиново, Ф.Энгельса ул, 3/1 п.2;ЛЮДИНОВО;Калужская область;;1.1;;5;1;3044;9933;2734;40530;0;0;;;423321
235;г.Тула, Машинистов ул;ТУЛА;Тульская область;;;;;;1522;9944;2619;482873;0;0;;;387679
236;г.Тула, Маршала Жукова ул, 2;ТУЛА;Тульская область;;;;;;2262;9937;2601;482873;0;0;;остановка;387679
237;г.Калуга, Полесская ул., 65;КАЛУГА;Калужская область;;0.7;;5;0;706;9939;2588;324698;0;0;;;423321
238;г.Тула, Новомосковское ш., 60А;ТУЛА;Тульская область;;;;;;0;10029;2794;482873;0;0;;остановка;387679
239;г.Калуга, Фомушина ул, 26 п.114-115;КАЛУГА;Калужская область;;1.2;;8;0;1534;9951;2543;324698;0;0;;;423321
240;г.Тула, Одоевское ш;ТУЛА;Тульская область;;;;;;2404;9947;2639;482873;0;0;;остановка;387679
241;г.Новомосковск, п.Депо6А;НОВОМОСКОВСК;Тульская область;;;;;;3077;9927;2598;131386;0;0;;;387679
242;г.Новомосковск, Березовая ул., 11;НОВОМОСКОВСК;Тульская область;;1.4;;9;1;2527;9925;2663;131386;1;0;;;387679
243;г.Новомосковск, Мира ул, 54Д;НОВОМОСКОВСК;Тульская область;;1;;9;1;2504;9967;2738;131386;0;0;;;387679
244;д.Белкино, Борисоглебская ул., 58А стр.1;ОБНИНСК;Калужская область;;;;;;1012;9959;2629;104739;0;0;;;423321
245;г.Новомосковск, Рязанское ш., 9Д;НОВОМОСКОВСК;Тульская область;;2.4;;8;1;2986;9948;2682;131386;1;0;;;387679
246;г.Обнинск, Комсомольская ул, 6;ОБНИНСК;Калужская область;;1.1;;7;1;1789;9959;2633;104739;0;0;;;423321
247;г.Обнинск, Космонавта Леонова ул, 17 1э.1-10,13;ОБНИНСК;Калужская область;;1.9;;11;1;1663;9974;2634;104739;0;0;;;423321
248;г.Алексин, Пионерская ул., 16;АЛЕКСИН;Тульская область;;;;;;2235;9994;2791;61732;0;0;;;387679
249;г.Тула, п.Октябрьский(Зареченский), Карпова ул;ТУЛА;Тульская область;2;;1;;;42;10023;2740;482873;0;0;;остановка;387679
250;г.Боровск, Ленина пл., 30;БОРОВСК;Калужская область;;;;;;413;10081;2905;12283;0;0;;;423321
251;г.Ефремов, Интернациональная ул., 9;ЕФРЕМОВ;Тульская область;;;;;;1271;10041;2889;42350;0;0;;;387679
252;г.Богородицк, Защитная ул., 6 А;БОГОРОДИЦК;Тульская область;;;;;;1327;10027;2880;31897;0;0;;;387679
253;рп.Бородинский, Луговая ул., 32;БОРОДИНСКИЙ;Тульская область;;;;;;2003;10020;2848;6126;0;0;;;387679
254;г.Кимовск, Ленина ул., 32;КИМОВСК;Тульская область;;;;;;2091;10012;2848;28485;0;0;;;387679
255;рп.Арсеньево, Парфенова ул., 11/1;АРСЕНЬЕВО;Тульская область;;;;;;1267;10012;2831;4803;0;0;;;387679
256;г.Белев, Октября пл., 5;БЕЛЁВ;Тульская область;;;;;;1063;10030;2830;13918;0;0;;;387679
257;рп.Шварцевский, Ленина ул., 6;ШВАРЦЕВСКИЙ;Тульская область;;;;;;2010;9985;2829;4913;0;0;;;387679
258;д.Кривское, Центральная ул, 59;КРИВСКОЕ;Калужская область;;;;;;819;10053;2826;2048;0;0;;;423321
259;г.Киров, Карла Маркса ул, 9;КИРОВ;Калужская область;;;;;;775;9985;2824;31882;0;0;;;423321
260;г.Ясногорск, Советская ул., 6;ЯСНОГОРСК;Тульская область;;;;;;2113;10024;2821;16795;0;0;;;387679
261;г.Малоярославец, Калужское ш., 31 А;МАЛОЯРОСЛАВЕЦ;Калужская область;2;0.2;0;2;1;723;10080;2811;30392;0;0;;;423321
262;г.Жуков, Ленина ул., 22;ЖУКОВ;Калужская область;;;;;;1759;10033;2787;12131;0;0;;;423321
263;г.Балабаново, 50 лет Октября ул., 24;БАЛАБАНОВО;Калужская область;;;;;;1173;10077;2780;26337;0;0;;;423321
264;г.Малоярославец, Аузина ул., 23;МАЛОЯРОСЛАВЕЦ;Калужская область;;;;;;1264;10025;2769;30392;0;0;;;423321
265;г.Боровск, Шувалова ул, 10А;БОРОВСК;Калужская область;;1.4;;8;1;1590;10057;2765;12283;0;0;;;423321
266;г.Киров, Пролетарская ул, 79 Б;КИРОВ;Калужская область;;;;;;1275;9990;2760;31882;0;0;;;423321
267;г.Кондрово, Пушкина ул., 74;КОНДРОВО;Калужская область;;1;;5;1;2477;9983;2732;16672;0;0;;;423321
268;г.Ермолино, Мичурина ул., 40 пом.140;ЕРМОЛИНО;Калужская область;;;;;;1477;9992;2728;10409;0;0;;;423321
269;г.Боровск, Ленина ул., 76;БОРОВСК;Калужская область;;;;;;1449;10028;2725;12283;0;0;;;423321
270;г.Таруса, Голубицкого ул., 2;ТАРУСА;Калужская область;;0.5;;3;;2284;9986;2700;9660;0;0;;;423321
271;г.Малоярославец, Российских Газовиков ул, 27;МАЛОЯРОСЛАВЕЦ;Калужская область;3;1.2;1;12;1;1167;10024;2797;30392;0;0;;;423321
272;г.Тула, 2-й Гастелло пр-д, 17 к.1;ТУЛА;Тульская область;;;;;;1941;9921;2520;482873;0;0;;остановка;387679
273;г.Тула, Жуковского ул, 80;ТУЛА;Тульская область;;;;;;1566;9922;2542;482873;0;0;;;387679
274;г.Тула, Макаренко ул, 19 к.2,п.1;ТУЛА;Тульская область;;;;;;2468;9920;2484;482873;0;0;;;387679
275;г.Алексин, Дружбы ул., 7;АЛЕКСИН;Тульская область;;;;;;2533;9969;2718;61732;0;0;;;387679
276;г.Обнинск, Долгининская ул, 6 п.295;ОБНИНСК;Калужская область;;2.5;;10;1;2548;9933;2528;104739;0;0;;;423321
277;г.Новомосковск, Солнечная ул, 10Б;НОВОМОСКОВСК;Тульская область;;0.6;;6;0;2537;9929;2638;131386;0;0;;;387679
278;г.Алексин, Болотова ул., 10А;АЛЕКСИН;Тульская область;1;0.7;0;5;1;1389;9968;2790;61732;0;0;;;387679
279;г.Донской, Центральный мкр, Терпигорева ул, 2;ДОНСКОЙ;Тульская область;;;;;;1482;9964;2696;64552;0;0;;;387679
280;г.Узловая, Привокзальная ул, стр.4;УЗЛОВАЯ;Тульская область;;;;;;1272;9941;2694;55282;0;0;;;387679
281;г.Кимовск, Октябрьская ул., 22;КИМОВСК;Тульская область;1;0.5;0;3;1;1457;9982;2741;28485;0;0;;;387679
282;г.Кимовск, Коммунистическая ул, 5А;КИМОВСК;Тульская область;1;0.4;0;3;1;2691;9991;2746;28485;0;0;;;387679
283;г.Ефремов, Мира ул, 2А;ЕФРЕМОВ;Тульская область;;1.1;;5;1;2974;9971;2843;42350;0;0;;;387679
284;г.Кимовск, Октябрьская ул., 37А;КИМОВСК;Тульская область;;0.7;;5;1;2955;9984;2714;28485;0;0;;;387679
285;д.Кабицино, Обнинская ул., 1 Б;Кабицино;Калужская область;;;;;;232;10079;2887;270;0;0;;;423321
286;с.Перемышль, Коммунаров ул, 6;ПЕРЕМЫШЛЬ;Калужская область;;;;;;427;10076;2871;3279;0;0;;;423321
287;п.Товарковский, Кирова ул., 5;ТОВАРКОВСКИЙ;Тульская область;;;;;;835;10031;2847;7587;0;0;;;387679
288;рп.Одоев, Л.Толстого ул., 2-к;ОДОЕВ;Тульская область;;;;;;546;10066;2834;6144;0;0;;;387679
289;п.Бабынино, Центральная ул, 14;БАБЫНИНО;Калужская область;;;;;;467;10059;2828;3725;0;0;;;423321
290;г.Мещовск, Революции пр-кт, 10А;МЕЩОВСК;Калужская область;;;;;;840;10029;2801;4100;0;0;;;423321
291;п.Дубна, Льва Толстого ул., 1 Б;ДУБНА;Тульская область;;;;;;1601;10048;2796;5980;0;0;;;387679
292;с.Детчино, Московская ул, 73Б;ДЕТЧИНО;Калужская область;;;;;;970;9996;2750;5010;0;0;;;423321
293;п.Первомайский, Интернациональная ул., 3 А;ПЕРВОМАЙСКИЙ;Тульская область;;;;;;2485;9985;2739;10058;0;0;;;387679
294;с.Ворсино, Лыскина ул., 22А п.1-13;Ворсино;Калужская область;;;;;;621;10055;2737;1684;0;0;;;423321
295;г.Липки, Трудовая ул., 13;ЛИПКИ;Тульская область;;;;;;1152;9984;2731;8719;0;0;;;387679
296;г.Киров, Пролетарская ул., 25;КИРОВ;Калужская область;1;;0;;;1919;9956;2729;31882;0;0;;;423321
297;пгт.Ревякино, Советская ул., 12А;РЕВЯКИНО ПОСЁЛОК;Тульская область;;;;;;1242;9990;2727;2970;0;0;;;387679
298;г.Малоярославец, Курсантов Подольских ул, 28;МАЛОЯРОСЛАВЕЦ;Калужская область;;;;;;965;10065;2720;30392;0;0;;;423321
299;г.Людиново, Урицкого ул., 5;ЛЮДИНОВО;Калужская область;;;;;;2282;9956;2720;40530;0;0;;;423321
300;г.Козельск, Чкалова ул., 82 А;КОЗЕЛЬСК;Калужская область;;;;;;766;9986;2715;18245;0;0;;;423321
301;г.Киров, Жмакина ул., 68;КИРОВ;Калужская область;1;3.2;0;11;1;1776;9969;2704;31882;0;0;;;423321
302;п.Новогуровский, Центральная ул., 3;НОВОГУРОВСКИЙ;Тульская область;;;;;;1209;9991;2702;3590;0;0;;;387679
303;г.Венев, Льва Толстого ул., 13;ВЕНЁВ;Тульская область;;;;;;1271;9957;2665;15224;0;1;;;387679
304;п.Товарково, Центральная ул, 51 А;ТОВАРКОВО;Калужская область;;;;;;840;9922;2556;14496;0;0;1;;423321
305;г.Малоярославец, Ленина ул, 7;МАЛОЯРОСЛАВЕЦ;Калужская область;3;1.3;1;11;1;2081;9957;2702;30392;0;0;;;423321
306;г.Кимовск, Некрасова ул., 20А;КИМОВСК;Тульская область;;0.5;;3;;3070;9933;2629;28485;0;0;;;387679
307;г.Щекино, Ремонтников ул., 4 А;ЩЁКИНО;Тульская область;;;;;;1286;9959;2678;58139;0;0;;;387679
308;г.Новомосковск, Свободы ул, 5;НОВОМОСКОВСК;Тульская область;;0.4;;2;;456;9978;2722;131386;0;0;;остановка;387679
309;г.Алексин, Ленина ул., 1;АЛЕКСИН;Тульская область;;0.6;;4;1;2392;9939;2686;61732;0;0;;;387679
310;г.Донской, мкр.Центральный, Красноармейская ул, 1Б;ДОНСКОЙ;Тульская область;;;;;;1067;9940;2690;64552;0;0;;остановка;387679
311;г.Узловая, Генерала Васильева ул, 22;УЗЛОВАЯ;Тульская область;;;;;;1458;9953;2643;55282;0;0;;остановка;387679
312;г.Алексин, Южная ул, 9;АЛЕКСИН;Тульская область;;;;;;1839;9927;2597;61732;0;0;;;387679
313;г.Алексин, Дубравная ул, 36;АЛЕКСИН;Тульская область;;;;;;2508;9924;2586;61732;0;0;;;387679
314;г.Киреевск, Тесакова ул, 10;КИРЕЕВСК;Тульская область;;0.6;;7;1;852;9995;2770;25557;0;0;;;387679
315;г.Плавск, Победы ул., 1 Е;ПЛАВСК;Тульская область;;1.9;;18;1;2368;9972;2730;16165;0;0;;;387679
316;г.Кимовск, Бессолова ул, 10;КИМОВСК;Тульская область;;;;;;2456;9925;2538;28485;0;1;;;387679
317;г.Ефремов, Короткова ул, 20;ЕФРЕМОВ;Тульская область;;1.3;;6;1;3374;9920;2566;42350;0;0;;;387679
318;г.Плавск, Свободы пл., стр.2;ПЛАВСК;Тульская область;;;;;;402;10044;2872;16165;0;0;;;387679
319;г.Киреевск, Октябрьская ул., 42;КИРЕЕВСК;Тульская область;;;;;;628;10037;2793;25557;0;0;;автостанция;387679
320;г.Кондрово, Комсомольская ул, 8;КОНДРОВО;Калужская область;;1;;7;1;394;10039;2784;16672;0;0;;;423321
321;г.Богородицк, Шахтная ул., 2 А;БОГОРОДИЦК;Тульская область;;;;;;2170;9977;2761;31897;0;0;;;387679
322;г.Таруса, Ленина ул, 9;ТАРУСА;Калужская область;;1.2;;5;1;404;9986;2758;9660;0;0;;;423321
323;г.Мосальск, Калужская ул., 60;МОСАЛЬСК;Калужская область;;;;;;292;10074;2755;4288;0;0;;;423321
324;рп.Куркино, Октябрьская ул., 57;КУРКИНО;Тульская область;;;;;;834;10042;2751;5411;0;0;;;387679
325;г.Козельск, Советская Б.ул, 30;КОЗЕЛЬСК;Калужская область;;;;;;262;10006;2746;18245;0;0;;;423321
326;с.Воскресенское, Заводская ул., 12 А;Воскресенское;Тульская область;;;;;;694;10019;2743;2573;0;0;;;387679
327;п.Дубовка, Щербакова ул., 7А;ДУБОВКА ПОСЁЛОК;Тульская область;;;;;;1556;9968;2732;8942;0;0;;;387679
328;г.Юхнов, Революции ул., 1;ЮХНОВ;Калужская область;;;;;;336;10027;2727;7056;0;0;;;423321
329;г.Сухиничи, Ленина ул., 78;СУХИНИЧИ;Калужская область;;;;;;845;9957;2720;16273;0;0;;;423321
330;п.Пятовский, Ленина ул., 2В;ПЯТОВСКИЙ;Калужская область;;;;;;555;9978;2719;2984;0;0;;;423321
331;д.Новое Казачье, Буканова ул, 11Б;Новое Казачье;Калужская область;;;;;;68;10069;2718;460;0;0;;;423321
332;п.Чернь, Свободная ул., 141;ЧЕРНЬ;Тульская область;;;;;;692;9986;2716;6405;0;0;;;387679
333;г.Калуга, с.Росва, Советская ул, 9;Росва;Калужская область;;;;;;368;10000;2714;1667;0;0;;остановка;423321
334;с.Оболенское, Кутузова ул, 1А;Оболенское;Калужская область;;;;;;200;10035;2713;722;0;0;;;423321
335;с.Барятино, Советская ул., 22;БАРЯТИНО;Калужская область;;;;;;438;9995;2710;2748;0;0;;;423321
336;рп.Одоев, 50 лет Октября ул, 59А;ОДОЕВ;Тульская область;;;;;;813;9990;2700;6144;0;0;;;387679
337;г.Юхнов, Урицкого ул, 33/2;ЮХНОВ;Калужская область;;;;;;448;10075;2696;7056;0;0;;;423321
338;г.Кондрово, 2-я Стефанова ул, 35А;КОНДРОВО;Калужская область;;;;;;116;10056;2695;16672;0;0;;;423321
339;г.Калуга, Строительная ул., 26;КУРОВСКОЙ;Калужская область;;0.5;;3;0;760;9980;2694;3207;0;0;;;423321
340;п.Рассвет, Новая ул., 1В;РАССВЕТ;Тульская область;;;;;;1272;9991;2682;4165;0;0;;;387679
341;г.Сосенский, Космонавтов ул., 6;СОСЕНСКИЙ;Калужская область;;;;;;2185;9971;2658;12392;0;0;;;423321
342;г.Калуга, д.Мстихино, Центральная ул., 11;Мстихино;Калужская область;;;;;;127;10029;2653;2658;1;0;;;423321
343;г.Тула, п.Хомяково, Хомяковская ул., 8Б;Хомяково;Тульская область;;;;;;1411;9953;2632;119;1;0;;;387679
344;г.Кондрово, Ленина ул, 31-А;КОНДРОВО;Калужская область;;;;;;2166;9932;2576;16672;0;0;;;423321
345;г.Тула, Щекинское ш, 26А;ТУЛА;Тульская область;;;;;;377;9926;2451;482873;0;0;;остановка;387679
346;г.Кимовск, Коммунистическая ул., 10 А;КИМОВСК;Тульская область;;;;;;2616;9943;2690;28485;0;0;;;387679
347;г.Алексин, Пахомова ул, 11А;АЛЕКСИН;Тульская область;;0.8;;5;1;2641;9921;2538;61732;0;0;;;387679
348;г.Ефремов, Дружбы ул., 4 А;ЕФРЕМОВ;Тульская область;;0.5;;6;1;2457;9918;2597;42350;0;0;;;387679
349;п.Лазарево, Тульская ул., 14Б;Лазарево;Тульская область;;;;;;794;9980;2695;2208;0;0;;;387679
350;г.Советск, Энергетиков ул, 27;СОВЕТСК;Тульская область;;0.5;;6;1;1726;9944;2630;7536;0;0;;;387679
351;г.Суворов, Макарова пл, 6;СУВОРОВ;Тульская область;;0.7;;5;1;2282;9933;2619;18973;0;0;;;387679
352;г.Кимовск, Мелихова ул, 15А;КИМОВСК;Тульская область;;0.2;;2;;1809;9954;2633;28485;0;0;;;387679
353;г.Богородицк, Коммунаров ул., 90;БОГОРОДИЦК;Тульская область;;;;;;814;9977;2778;31897;0;0;;;387679
354;д.Бежка77;Бежка;Тульская область;;;;;;122;10009;2726;500;0;0;;;387679
355;с.Крапивна, Л.Толстого ул., 2 А;Крапивна;Тульская область;;;;;;154;10022;2708;1069;0;0;;;387679
356;рп.Теплое, Советская ул, 17;ТЁПЛОЕ;Тульская область;;;;;;920;9950;2702;5115;0;0;;;387679
357;п.Первомайский, Школьная ул., 6;ПЕРВОМАЙСКИЙ;Тульская область;;;;;;908;9964;2699;10058;0;0;;;387679
358;п.Ломинцевский, Центральная ул., 15;ЛОМИНЦЕВСКИЙ;Тульская область;;;;;;896;9955;2694;4700;0;0;;;387679
359;г.Малоярославец, 17 Стрелковой дивизии ул., 2 Б;МАЛОЯРОСЛАВЕЦ;Калужская область;1;1.2;0;5;1;762;9976;2688;30392;0;0;;;423321
360;г.Ефремов, Комсомольская ул, 19;ЕФРЕМОВ;Тульская область;;;;;;2446;9959;2688;42350;0;0;;;387679
361;г.Ясногорск, Комсомольская ул., 2;ЯСНОГОРСК;Тульская область;;;;;;1753;9962;2680;16795;0;0;;;387679
362;п.Ферзиково, Победы ул, 6;ФЕРЗИКОВО ПОСЁЛОК;Калужская область;;;;;;262;9991;2671;4600;0;0;;;423321
363;п.Брусянский, Пугачева ул, 4;БРУСЯНСКИЙ;Тульская область;;;;;;1030;9947;2670;3498;0;0;;остановка;387679
364;п.Волово, Хрунова ул., 12 А;ВОЛОВО;Тульская область;;;;;;515;9994;2660;3853;0;0;;;387679
365;г.Мещовск, Революции пр-кт, 45 п.1;МЕЩОВСК;Калужская область;;;;;;624;9942;2656;4100;0;0;;;423321
366;г.Ефремов, Строителей ул, 22Б;ЕФРЕМОВ;Тульская область;;;;;;2564;9936;2655;42350;0;0;;;387679
367;г.Козельск, Заводская ул, 11А;КОЗЕЛЬСК;Калужская область;;1.3;;10;1;710;9947;2644;18245;0;0;;;423321
368;г.Ясногорск, Заводская ул., 19;ЯСНОГОРСК;Тульская область;;;;;;827;9988;2642;16795;0;0;;;387679
369;с.Воскресенское80а;Воскресенское;Калужская область;;;;;;0;9991;2641;1800;0;0;;;423321
370;г.Сокольники, Комсомольская ул., 25;Новомосковск;Тульская область;;;;;;1248;9943;2635;500;0;0;;;387679
371;г.Медынь, Ленина пр-кт, 64 п.3;МЕДЫНЬ;Калужская область;;;;;;467;10015;2615;8300;0;0;;;423321
372;п.Каменецкий, Клубная ул, стр.5;Каменецкий;Тульская область;;;;;;1104;9939;2612;2506;0;0;;;387679
373;рп.Чернь, Ленина ул, 21;ЧЕРНЬ;Тульская область;;;;;;1810;9927;2604;6405;0;0;;;387679
374;г.Ясногорск, Зои Космодемьянской ул, 1;ЯСНОГОРСК;Тульская область;;;;;;1870;9955;2601;16795;0;0;;;387679
375;п.Думиничи, Большая Пролетарская ул., 87;ДУМИНИЧИ;Калужская область;;;;;;714;9973;2600;6326;0;0;;;423321
376;г.Таруса, Шмидта ул., 30;ТАРУСА;Калужская область;;;;;;384;10017;2593;9660;0;0;;;423321
377;п.Мятлево, Кирова ул, 1А;Мятлево;Калужская область;;;;;;0;10012;2584;1627;0;0;;;423321
378;п.Майский, Шахтеров ул., 4 А;Майский;Тульская область;;;;;;1164;9929;2575;2289;0;0;;;387679
379;г.Суворов, Гагарина ул, 5;СУВОРОВ;Тульская область;;;;;;1830;9927;2565;18973;0;0;;;387679
380;г.Людиново, Кропоткина ул, в р-не 48;ЛЮДИНОВО;Калужская область;;1.2;;7;1;2485;9922;2541;40530;0;0;;;423321
381;п.Думиничи, Ленина ул., 44;ДУМИНИЧИ;Калужская область;;;;;;1240;9933;2513;6326;0;0;;;423321
382;г.Белоусово, Московская ул, 111;БЕЛОУСОВО;Калужская область;;0.7;;3;;2405;9925;2456;8412;0;0;;;423321
383;г.Узловая, Тульская ул., 13 А;УЗЛОВАЯ;Тульская область;;;;;;871;9943;2545;55282;0;0;;;387679
384;г.Ефремов, Свердлова ул;ЕФРЕМОВ;Тульская область;;0.3;;4;;2054;9915;2472;42350;0;0;;;387679
385;с.Хвастовичи, Ленина ул., 3 А;ХВАСТОВИЧИ;Калужская область;;;;;;192;9980;2663;4509;0;0;;;423321
386;с.Хвастовичи, Ленина ул, 38;ХВАСТОВИЧИ;Калужская область;;;;;;320;9956;2659;4509;0;0;;;423321
387;г.Богородицк, мкр.Жданковский, Клубная ул., 4;Жданковский;Тульская область;;;;;;936;9945;2655;500;0;0;;;387679
388;п.Барсуки, Микрорайон тер., 1;БАРСУКИ;Тульская область;;;;;;638;9967;2646;3269;0;0;;;387679
389;г.Узловая, Центральная ул., 7;5-Я Пятилетка;Тульская область;;;;;;690;9945;2643;500;0;0;;;387679
390;с.Спасское, Центральная ул., 4 А;Спасское;Тульская область;;;;;;517;9938;2641;1751;0;0;;;387679
391;г.Донской, Комсомольский мкр, Трудовая ул, 3;Комсомольский;Тульская область;;;;;;609;9940;2641;500;0;0;;;387679
392;рп.Теплое, Сельхозтехниковская ул, 35А;ТЁПЛОЕ;Тульская область;;;;;;428;9984;2640;5115;0;0;;;387679
393;п.Мордвес, Почтовая ул, 9А;МОРДВЕС;Тульская область;;;;;;211;10058;2633;1276;0;0;;;387679
394;рп.Епифань, Колхозная ул, 1А;ЕПИФАНЬ;Тульская область;;;;;;306;9987;2613;2237;0;0;;;387679
395;с.Износки, Ленина ул., 6А;ИЗНОСКИ;Калужская область;;;;;;119;9962;2602;1877;0;0;;;423321
396;с.Дворцы, Федорова ул, 12;Дворцы;Калужская область;;;;;;436;9956;2586;1492;0;0;;;423321
397;с.Архангельское, Комсомольская ул., 16Б;АРХАНГЕЛЬСКОЕ;Тульская область;;;;;;865;9959;2580;2391;0;0;;;387679
398;г.Суворов, Грибоедова ул, 30;СУВОРОВ;Тульская область;;;;;;1016;9927;2527;18973;0;0;;;387679
399;г.Богородицк, Восточный мкр, 2;БОГОРОДИЦК;Тульская область;;;;;;1369;9923;2527;31897;0;0;;;387679
400;рп.Чернь, Революционная ул., 3;ЧЕРНЬ;Тульская область;;;;;;1721;9940;2523;6405;0;0;;;387679
401;п.Ферзиково, Пионерская ул, 4;ФЕРЗИКОВО ПОСЁЛОК;Калужская область;;;;;;734;9921;2488;4600;0;0;;;423321
402;г.Малоярославец, Чистовича ул, 24 п.1;МАЛОЯРОСЛАВЕЦ;Калужская область;;;;;;1180;9919;2327;30392;0;0;;;423321
403;п.Бегичевский, Первомайская ул, 10А;Бегичевский;Тульская область;;;;;;949;9921;2522;2278;0;0;;;387679
404;г.Липки, Лермонтова ул., 8;ЛИПКИ;Тульская область;;;;;;30;9956;2686;8719;0;0;;;387679
405;г.Спас-Деменск, Заводской пер, 4;СПАС-ДЕМЕНСК;Калужская область;;0.2;;3;1;331;9979;2556;4896;0;0;;;423321
406;п.Бетлица, Кирова ул, 25;БЕТЛИЦА;Калужская область;;;;;;280;9947;2549;3589;0;0;;;423321
407;п.Октябрьский, Ленина ул, 15;ОКТЯБРЬСКИЙ;Тульская область;;;;;;875;9926;2536;3281;0;0;;;387679
408;г.Кондрово, Коммуны ул, 4;КОНДРОВО;Калужская область;;;;;;168;9934;2472;16672;0;0;;;423321
409;с.Ульяново, Большая Советская ул, 69;УЛЬЯНОВО;Калужская область;;;;;;266;9930;2455;3022;0;0;;;423321
410;г.Медынь, Варшавское ш, 15А;МЕДЫНЬ;Калужская область;;;;;;65;9929;2451;8300;0;0;;;423321
411;г.Ефремов, Горького ул, 17;ЕФРЕМОВ;Тульская область;;;;;;;9917;2419;42350;0;0;;;387679
412;д.Чернятино86А;Чернятино;Тульская область;;;;;;348;9939;2557;1234;0;0;;;387679
413;п.Дубовка, квартал 5/15, Центральный перс.6;ДУБОВКА ПОСЁЛОК;Тульская область;;;;;;355;9930;2550;8942;0;0;;остановка;387679
414;г.Донской, мкр.Северо-Задонск, Мичурина ул, 76 п.1;Северо-Задонск;Тульская область;;;;;;283;9930;2533;500;0;0;;;387679
415;с.Гремячее, Новики ул., 12;Гремячее;Тульская область;;;;;;139;9944;2421;1337;0;0;;;387679
417;с.Коллонтай, Московская ул, 23;Коллонтай;Калужская область;;;;;;85;9911;2231;555;0;0;;;423321
